02\_値を比較してデータを検索
===

## 概要

- 比較演算子を使用したデータの参照についてまとめる。

## 比較演算子

### 概要

- 値の比較演算を行う。

### 主な比較演算子

|演算子    |意味                  |
|:--------:|:--------------------:|
|`=`       |等しい                |
|`<>`, `!=`|等しくない            |
|`>=`, `<=`|以上，以下            |
|`>`, `<`  |より大きい，より小さい|

### 演算子の優先順位

- 算術演算子は，比較演算子よりも高い優先順位で処理される。
- 演算子の優先順位を明示的に上書きするには`()`を利用する。

### 比較演算子の結果

- 比較演算子の結果は，`TRUE`,`FALSE`,`NULL`で返される。
- 値はそれぞれ，TRUE: 1, FALSE: 0 が定数として割り当てられている。

### サンプル

#### データベース`world`を使用

```SQL
USE world;
```

- 実行結果

```
MariaDB [world]> use world
Database changed
```

#### 文字列の等しい行を検索

```SQL
SELECT Name FROM country 
WHERE Region = 'Eastern Asia';
```

- 実行結果

```
MariaDB [world]> SELECT Name FROM country WHERE Region = 'Eastern Asia';
+-------------+
| Name        |
+-------------+
| China       |
| Hong Kong   |
| Japan       |
| South Korea |
| Macao       |
| Mongolia    |
| North Korea |
| Taiwan      |
+-------------+
8 rows in set (0.00 sec)
```

#### 数値の等しい行を検索

```SQL
SELECT Name FROM country 
WHERE Population = 0;
```

- 実行結果

```
MariaDB [world]> SELECT Name FROM country WHERE Population = 0;
+----------------------------------------------+
| Name                                         |
+----------------------------------------------+
| Antarctica                                   |
| French Southern territories                  |
| Bouvet Island                                |
| Heard Island and McDonald Islands            |
| British Indian Ocean Territory               |
| South Georgia and the South Sandwich Islands |
| United States Minor Outlying Islands         |
+----------------------------------------------+
7 rows in set (0.01 sec)
```

- 人口が0人の国なんてあるんだ…。

### 指定した値より大きい行を検索

```SQL
SELECT Name, Population FROM city 
WHERE Population > 9000000;
```

- 実行結果

```
MariaDB [world]> SELECT Name, Population FROM city WHERE Population > 9000000;
+-----------------+------------+
| Name            | Population |
+-----------------+------------+
| S?o Paulo       |    9968485 |
| Jakarta         |    9604900 |
| Mumbai (Bombay) |   10500000 |
| Shanghai        |    9696300 |
| Seoul           |    9981619 |
| Karachi         |    9269265 |
+-----------------+------------+
6 rows in set (0.01 sec)
```

#### おまけ

```SQL
SELECT * FROM city WHERE Name = 'Hamamatsu';
```

- 実行結果

```
MariaDB [world]> SELECT * FROM city WHERE Name = 'Hamamatsu';
+------+-----------+-------------+----------+------------+
| ID   | Name      | CountryCode | District | Population |
+------+-----------+-------------+----------+------------+
| 1549 | Hamamatsu | JPN         | Shizuoka |     568796 |
+------+-----------+-------------+----------+------------+
1 row in set (0.01 sec)
```

```SQL
SELECT * FROM city WHERE District = 'Mie';
```

- 実行結果

```
MariaDB [world]> SELECT * FROM city WHERE District = 'Mie';
+------+-----------+-------------+----------+------------+
| ID   | Name      | CountryCode | District | Population |
+------+-----------+-------------+----------+------------+
| 1601 | Yokkaichi | JPN         | Mie      |     288173 |
| 1645 | Suzuka    | JPN         | Mie      |     184061 |
| 1660 | Tsu       | JPN         | Mie      |     164543 |
| 1708 | Matsusaka | JPN         | Mie      |     123582 |
| 1744 | Kuwana    | JPN         | Mie      |     106121 |
| 1751 | Ise       | JPN         | Mie      |     101732 |
+------+-----------+-------------+----------+------------+
6 rows in set (0.01 sec)
```
