11\_データを集約して表示
===

## 概要

- データを集約して表示する方法をまとめる。

## 集約関数

### 概要

- 検索されたデータを集計して表示する。

### 【注意】`NULL`の取り扱いについて

- `SUM()`, `AVG()`などの集約関数は，引数で指定した行に`NULL`があった場合，*NULL値のレコードを除いて*計算する。
- 特に，`AVG()`, `COUNT()`は，`NULL`値のレコードが除かれた場合と，含まれた場合で結果が変わるので注意が必要。
- `NULL`値を含めて計算を行いたい場合，`COUNT(*)`を使用すれば，*すべての行数を取得できる*ので利用すること。

### 主な集計関数

|関数     |意味  |
|:-------:|:----:|
|`AVG()`  |平均値|
|`COUNT()`|行数  |
|`MAX()`  |最大数|
|`MIN()`  |最小数|
|`SUM()`  |合計  |

### サンプル

#### 行数を表示

```SQL
SELECT COUNT(*) FROM city 
WHERE CountryCode = 'JPN';
```

- 実行結果

```
MariaDB [world]> SELECT COUNT(*) FROM city WHERE CountryCode = 'JPN';
+----------+
| COUNT(*) |
+----------+
|      248 |
+----------+
1 row in set (0.00 sec)
```

#### 合計を表示

```SQL
SELECT SUM(Population) FROM country
WHERE Continent = 'Asia';

```

- 実行結果

```
MariaDB [world]> SELECT SUM(Population) FROM country WHERE Continent = 'Asia';
+-----------------+
| SUM(Population) |
+-----------------+
|      3705025700 |
+-----------------+
1 row in set (0.00 sec)
```

#### 最大値を表示

```SQL
SELECT MAX(Population) FROM city 
WHERE CountryCode = 'JPN';
```

- 実行結果

```
MariaDB [world]> SELECT MAX(Population) FROM city WHERE CountryCode = 'JPN';
+-----------------+
| MAX(Population) |
+-----------------+
|         7980230 |
+-----------------+
1 row in set (0.00 sec)
```

#### 最小値を表示

```SQL
SELECT MIN(Population) FROM city 
WHERE CountryCode = 'JPN';
```

- 実行結果

```
MariaDB [world]> SELECT MIN(Population) FROM city WHERE CountryCode = 'JPN';
+-----------------+
| MIN(Population) |
+-----------------+
|           91170 |
+-----------------+
1 row in set (0.00 sec)
```

#### おまけ

- 日本における人口最大都市と最少都市について

##### 人口最大都市

```SQL
SELECT * FROM city 
WHERE CountryCode = 'JPN'
ORDER BY Population DESC 
LIMIT 1;
```

- 実行結果

```
MariaDB [world]> SELECT * FROM city WHERE CountryCode = 'JPN'ORDER BY Population DESC LIMIT 1;
+------+-------+-------------+----------+------------+
| ID   | Name  | CountryCode | District | Population |
+------+-------+-------------+----------+------------+
| 1532 | Tokyo | JPN         | Tokyo-to |    7980230 |
+------+-------+-------------+----------+------------+
1 row in set (0.00 sec)
```

##### 人口最少都市

```SQL
SELECT * FROM city 
WHERE CountryCode = 'JPN'
ORDER BY Population ASC 
LIMIT 1;
```

- 実行結果

```
MariaDB [world]> SELECT * FROM city WHERE CountryCode = 'JPN'ORDER BY Population ASC LIMIT 1;
+------+---------+-------------+----------+------------+
| ID   | Name    | CountryCode | District | Population |
+------+---------+-------------+----------+------------+
| 1779 | Tsuyama | JPN         | Okayama  |      91170 |
+------+---------+-------------+----------+------------+
1 row in set (0.00 sec)
```
