02\_直積結合
===

## 概要

- 直積結合についてまとめる。

## 直積結合(`CROSS JOIN`)

### 概要

- 結合対象となる二つのテーブルから可能な組み合わせをすべて網羅したテーブルを作成する。

### 文法

```SQL
SELECT * FROM テーブル1, テーブル2;
SELECT * FROM テーブル1 CROSS JOIN テーブル2;
```

- テーブルを明記して列を指定する方法

`テーブル名.列名`

### サンプル

#### 事前準備(テーブルの作成)

```SQL
CREATE TABLE num_a( i INTEGER);
CREATE TABLE num_b( j INTEGER);
```

- 実行結果

```
MariaDB [dekirusample2]> CREATE TABLE num_a( i INTEGER);CREATE TABLE num_b( j INTEGER);
Query OK, 0 rows affected (0.07 sec)
Query OK, 0 rows affected (0.08 sec)
```

##### 行の挿入

```SQL
INSERT INTO num_a VALUES (10), (11), (12);
INSERT INTO num_b VALUES (2), (3);
```

- 実行結果

```
MariaDB [dekirusample2]> INSERT INTO num_a VALUES (10), (11), (12);INSERT INTO num_b VALUES (2), (3);
Query OK, 3 rows affected (0.01 sec)
Records: 3  Duplicates: 0  Warnings: 0

Query OK, 2 rows affected (0.01 sec)
Records: 2  Duplicates: 0  Warnings: 0
```

##### 実行結果確認

```SQL
SELECT * FROM num_a;
SELECT * FROM num_b;
```

- 実行結果

```
MariaDB [dekirusample2]> SELECT * FROM num_a;SELECT * FROM num_b;
+------+
| i    |
+------+
|   10 |
|   11 |
|   12 |
+------+
3 rows in set (0.00 sec)

+------+
| j    |
+------+
|    2 |
|    3 |
+------+
2 rows in set (0.00 sec)
```

#### `CROSS JOIN`で組み合わせを表示

```SQL
SELECT * FROM num_a CROSS JOIN num_b;
```

- 実行結果

```
MariaDB [dekirusample2]> SELECT * FROM num_a CROSS JOIN num_b;
+------+------+
| i    | j    |
+------+------+
|   10 |    2 |
|   10 |    3 |
|   11 |    2 |
|   11 |    3 |
|   12 |    2 |
|   12 |    3 |
+------+------+
6 rows in set (0.01 sec)
```

#### 組み合わせを表示

```SQL
SELECT * FROM num_a, num_b;
```

- 実行結果

```
MariaDB [dekirusample2]> SELECT * FROM num_a, num_b;
+------+------+
| i    | j    |
+------+------+
|   10 |    2 |
|   10 |    3 |
|   11 |    2 |
|   11 |    3 |
|   12 |    2 |
|   12 |    3 |
+------+------+
6 rows in set (0.00 sec)
```

#### 特定の条件の組み合わせを表示

```SQL
SELECT * FROM num_a, num_b 
WHERE MOD(num_a.i, num_b.j) = 0;
```

- 実行結果

```
MariaDB [dekirusample2]> SELECT * FROM num_a, num_b WHERE MOD(num_a.i, num_b.j) = 0;
+------+------+
| i    | j    |
+------+------+
|   10 |    2 |
|   12 |    2 |
|   12 |    3 |
+------+------+
3 rows in set (0.02 sec)
```
